,s_can,s_cal,s_ih,s_kdr,s_kv31,s_skca,s_nal,s_na,gpas,dp_cat,dp_kdr,dp_kv31,dp_skca,dp_nal,dp_na,dp_can,dp_cal,dd_cat,dd_kdr,dd_kv31,dd_skca,dd_nal,dd_na,dd_can,dd_cal,r_kdr,r_na,r_kv31,r_cat,r_cacum_s,r_cacum_d
0,0.0009544246713630855,0.0008591912337578833,0.00026514832279644907,0.0004530340665951371,0.006646730937063694,9.23381739994511e-05,1.5815725419088267e-05,0.0032066332641988993,2.5371075025759637e-05,0.0019163074903190136,0.00994395837187767,0.025032123550772667,6.094645141274668e-05,5.929477083554957e-06,0.0008731698035262525,0.0027763203252106905,0.0008348090923391283,0.0035292126704007387,0.008699921891093254,0.004225539974868298,9.24581108847633e-05,1.9781789887929335e-05,0.00017331242270302027,0.002738659968599677,0.0017720854375511408,0.3495918810367584,0.37127307057380676,5.815895080566406,0.10000000149011612,7.582464218139648,4.699084281921387
1,0.0010102232918143272,0.000645888561848551,0.00016414362471550703,0.0006118339370004833,0.006101119797676802,4.694627205026336e-05,9.832597243075725e-06,0.0019798874855041504,4.4633063225774094e-05,0.003209170885384083,0.004568411502987146,0.017317621037364006,2.2412807084037922e-05,1.0152075446967501e-05,0.0030827627051621675,0.003922752570360899,0.0018754410557448864,0.0008762864163145423,0.00583543349057436,0.02047686092555523,7.088394340826198e-05,9.564698302710894e-06,0.0003361329436302185,0.004928992595523596,0.003713238751515746,0.35297054052352905,0.8103782534599304,5.107309341430664,0.20657500624656677,5.046072483062744,3.8882808685302734
2,0.0016452223062515259,0.00046342116547748446,0.0001415345468558371,6.609408592339605e-05,0.007630601059645414,6.565985677298158e-05,1.3449131074594334e-05,0.002414988586679101,5.3371855756267905e-05,0.0007532358868047595,0.005363709758967161,0.011965113691985607,9.9999998245167e-15,5.6451231102983e-06,0.004709503147751093,0.0021658639889210463,0.0029324288479983807,0.0046892063692212105,0.00037381338188424706,0.021839771419763565,8.686999353813007e-05,2.8726833534165053e-06,1.356056600343436e-05,0.002292797202244401,0.0035405608359724283,0.39960092306137085,0.5603798031806946,5.696127891540527,0.25868868827819824,4.7236785888671875,3.0642573833465576
3,0.001211157301440835,0.0005935337394475937,0.00015995564172044396,0.0003602641518227756,0.007259753532707691,6.95183189236559e-05,1.1808457202278078e-05,0.0022357283160090446,3.4840672014979646e-05,0.0028372942470014095,0.005079368129372597,0.021841978654265404,2.202768337156158e-05,1.9624081687652506e-05,0.0028315207455307245,0.004981789737939835,0.0035564659629017115,0.0027024366427212954,0.009897331707179546,0.021722227334976196,8.516496745869517e-05,2.31419608098804e-06,0.0002669649838935584,0.002960870275273919,0.003816342679783702,0.4238806664943695,0.6325470805168152,4.987362384796143,0.19709700345993042,4.572237968444824,2.5551199913024902
4,0.0014004294062033296,0.00021353393094614148,0.00017887275316752493,0.0002309490373590961,0.0032917559146881104,9.059328294824809e-05,1.4451308743446134e-05,0.002260371344164014,3.6686691601062194e-05,0.003385452087968588,0.005630938336253166,0.018904797732830048,8.247997902799398e-05,1.2072082427039277e-05,0.002568636555224657,0.00319122732616961,0.002049695700407028,0.003615496214479208,0.007375415880233049,0.021855944767594337,3.275442941230722e-05,8.882501788320951e-06,9.83292848104611e-05,0.00044850390986539423,0.0007424989016726613,0.3792405426502228,0.5674463510513306,4.983526229858398,0.19084474444389343,5.525808334350586,4.915207386016846
5,0.0015979248564690351,0.0006287963478825986,0.000183565411134623,0.00036074614035896957,0.004798049107193947,4.604435889632441e-05,9.690387742011808e-06,0.0018675867468118668,3.8891979784239084e-05,0.001873973524197936,0.006993899121880531,0.020437415689229965,3.158158506266773e-05,1.3064011000096798e-05,0.0032614865340292454,0.0018697333289310336,0.002406239742413163,0.004869210533797741,0.001482033752836287,0.015460406430065632,9.605692321201786e-05,1.4800418284721673e-05,0.00037505137152038515,0.004348131362348795,0.0015481921145692468,0.30997997522354126,0.8637105226516724,5.249567985534668,0.2723110318183899,7.938941955566406,2.9689974784851074
6,0.0017540883272886276,0.0007696255343034863,0.00018946512136608362,0.00046976562589406967,0.008788341656327248,8.925558358896524e-05,1.1863388863275759e-05,0.0016527328407391906,4.81941424368415e-05,0.0014180047437548637,0.002205302705988288,0.007413813378661871,2.4175938960979693e-05,7.27690894564148e-06,0.005479762330651283,0.0015205636154860258,0.003261571517214179,0.0026713069528341293,0.004886017180979252,0.009913512505590916,5.591850640485063e-05,1.0999838195857592e-05,0.00021040414867457002,0.0016795486444607377,0.004291030112653971,0.608100950717926,0.7427135109901428,5.102466583251953,0.18322718143463135,5.086468696594238,3.471234083175659
7,0.001155707286670804,0.0007867854437790811,0.00019325334869790822,0.0003272839530836791,0.008187474682927132,1.1816382539109327e-05,1.251357844012091e-05,0.00182438176125288,4.399865792947821e-05,0.002953996416181326,0.005743082612752914,0.01632586680352688,5.5688022257527336e-05,2.4105936518026283e-06,0.0028393601533025503,0.003079669550061226,0.004486302845180035,0.0040567233227193356,0.0013825629139319062,0.009802849031984806,9.954535926226526e-05,1.431631335435668e-05,0.0002605729387141764,0.0039960043504834175,0.003314998233690858,0.4770871102809906,1.0508880615234375,2.751983642578125,0.32149267196655273,7.646012306213379,4.754854202270508
8,0.0012937563005834818,0.0005199426668696105,0.00021787467994727194,0.0007678882102482021,0.008362147025763988,3.9357400964945555e-05,1.068530764314346e-05,0.003385717747732997,2.706718623812776e-05,0.004085978027433157,0.005724535323679447,0.02626122161746025,4.629914474207908e-05,9.651805157773197e-06,0.0007311778608709574,0.003878610907122493,0.004354018252342939,0.000999221345409751,0.002041397150605917,0.022922217845916748,9.452374069951475e-05,1.9401279132580385e-05,0.00013751153892371804,0.0018716821214184165,0.0022349220234900713,0.3421143591403961,0.3508335053920746,5.1714091300964355,0.18996623158454895,7.352532386779785,2.6492018699645996
9,0.0007963583921082318,0.0003815687377937138,0.00017182269948534667,0.00013677576498594135,0.006936784368008375,5.608924038824625e-05,1.549275293655228e-05,0.00247408589348197,3.6743855162058026e-05,0.0037073499988764524,0.0071491096168756485,0.02549070306122303,7.743454625597224e-05,5.514386884897249e-06,0.006689815782010555,0.00486729247495532,0.004064345732331276,0.0021714819595217705,0.0015691440785303712,0.027371807023882866,4.573554906528443e-05,9.412104191142134e-06,0.0005125438910908997,0.0016634684288874269,0.0015480939764529467,0.4164751470088959,0.5473505258560181,6.742033958435059,0.20042848587036133,5.606938362121582,3.7659823894500732
10,0.0007812962867319584,0.0007331307861022651,0.00019451499974820763,0.0002633955155033618,0.006180032156407833,3.501859464449808e-05,1.1108738362963777e-05,0.002676070434972644,4.571254612528719e-05,0.0017767149256542325,0.004881126806139946,0.020938778296113014,7.14537281965022e-06,8.721690392121673e-06,0.007404670584946871,0.001636725151911378,0.003814467927441001,0.0035329635720700026,0.0018116163555532694,0.025495944544672966,9.06848072190769e-05,4.1322728066006675e-06,0.0005224252236075699,0.0025333960074931383,0.001350150560028851,0.28274470567703247,0.4666714668273926,7.122683525085449,0.2913873791694641,6.608363628387451,3.865323305130005
11,0.0015432995278388262,0.0006166182574816048,0.00015325295680668205,0.0002958103723358363,0.006947984918951988,2.8213649784447625e-05,1.1610611181822605e-05,0.0017994679510593414,4.18540948885493e-05,0.0026880581863224506,0.007292460184544325,0.02101050689816475,8.692537085153162e-05,1.804674138838891e-05,0.005313918460160494,0.00473196804523468,0.002653904026374221,0.0031826612539589405,0.0031893779523670673,0.014307715930044651,4.244601950631477e-05,9.401139209330722e-07,1.7317497622570954e-05,0.004540204536169767,0.003926137927919626,0.4214771091938019,0.8884657621383667,6.121601104736328,0.2606108486652374,4.906847953796387,4.565501689910889
12,0.00165523961186409,0.0005263108178041875,0.0001975988270714879,0.0005783088272437453,0.007923492230474949,1.8552258552517742e-05,1.0520676369196735e-05,0.0021204238291829824,3.5988949093734846e-05,0.004051601979881525,0.004864028189331293,0.016550270840525627,7.50327089917846e-05,1.706776129140053e-05,0.004523903597146273,0.0038870389107614756,0.003105810144916177,0.0015830476768314838,0.00404192041605711,0.02190110646188259,6.835677049821243e-05,5.355887878977228e-06,1.4329723853734322e-05,0.0006487115169875324,0.0002316510071977973,0.36733031272888184,0.7365198135375977,5.684413909912109,0.23988643288612366,7.872065544128418,4.776010513305664
13,0.0005613319226540625,0.00011924921273021027,0.00012687091657426208,0.0004683452134486288,0.005385121796280146,3.69488843716681e-05,1.0884658877330367e-05,0.0020491720642894506,4.8639936721883714e-05,0.0036572988610714674,0.0023324473295360804,0.005810284521430731,6.783477147109807e-05,1.3349469554668758e-05,0.0023328782990574837,0.0004140466917306185,0.0017376242903992534,0.001384780858643353,0.0037426375783979893,0.02257886901497841,7.560773519799113e-05,1.0502324585104361e-05,0.00023375445744022727,0.004376652184873819,0.004101409111171961,0.4008757770061493,0.6336658000946045,2.719174385070801,0.25168582797050476,5.098235607147217,1.535233736038208
14,0.0005062155541963875,0.0006407303153537214,0.00012831014464609325,0.00022458750754594803,0.005399402696639299,4.8588186473352835e-05,1.4145042769087013e-05,0.002519318601116538,4.425445877132006e-05,0.003020139643922448,0.004363156855106354,0.0186009518802166,8.745303784962744e-05,8.279997928184457e-06,0.004503122065216303,0.002999164629727602,0.004652797244489193,0.003526964457705617,0.0064536151476204395,0.013338662683963776,6.927665526745841e-05,1.4532178283843677e-05,0.0001576231443323195,0.0028831837698817253,0.0009469737415201962,0.3594000041484833,0.48897165060043335,5.435971736907959,0.2600506544113159,5.192674160003662,3.9017529487609863
15,0.0015051823575049639,0.0009833663934841752,0.00018384527356829494,0.00024298790958710015,0.007012009155005217,8.108851034194231e-05,1.3942470104666427e-05,0.0024157206062227488,3.347413439769298e-05,0.0037077218294143677,0.005625522695481777,0.016523271799087524,6.992222188273445e-05,1.776668432285078e-05,0.004937083926051855,0.0013827200746163726,0.002988963620737195,0.00464955810457468,0.0016173883341252804,0.020911216735839844,6.499483424704522e-05,5.030351076129591e-06,0.00016826673527248204,0.003384913085028529,0.004399142228066921,0.5162577629089355,0.5619518756866455,6.805273056030273,0.2738127112388611,6.862966537475586,1.8647913932800293
16,0.00161524279974401,0.0003295158676337451,0.00020500447135418653,0.0004273501399438828,0.004137503448873758,9.17273573577404e-05,1.5460494978469796e-05,0.0020950455218553543,3.8340229366440326e-05,0.004408362787216902,0.003983212634921074,0.020890172570943832,4.392283517518081e-05,4.434063612279715e-06,0.0023325770162045956,0.0006218322087079287,0.003962426446378231,0.0041102757677435875,0.008187166415154934,0.013749683275818825,8.659649029141292e-05,1.4533130524796434e-05,9.999999960041972e-13,0.0006637116894125938,0.0014458548976108432,0.37338221073150635,0.6320514678955078,5.132325649261475,0.27802690863609314,7.7438249588012695,3.457794666290283
17,0.0018002684228122234,0.0007487856782972813,0.00012456197873689234,0.0001871481363195926,0.006453061010688543,7.203445420600474e-05,1.0992816896759905e-05,0.0018210195703431964,5.1011342293350026e-05,0.002106982748955488,0.0017847000854089856,0.006332233548164368,6.656342884525657e-05,1.3558445061789826e-05,0.007260750513523817,0.0007262859726324677,0.0033859179820865393,0.004526055883616209,0.00179395847953856,0.010616675950586796,4.5239910832606256e-05,1.073676048690686e-05,9.999999960041972e-13,0.004816930741071701,0.0009651121799834073,0.4751698076725006,0.4880167245864868,5.390979290008545,0.3331660032272339,5.95931339263916,4.34699821472168
18,0.0005988767952658236,0.0007140107336454093,0.00017931280308403075,0.0007853175629861653,0.006393858231604099,2.72201286861673e-05,1.2677096492552664e-05,0.002585208509117365,3.7328201869968325e-05,0.0018915403634309769,0.0038642596919089556,0.025163277983665466,7.009951514191926e-05,8.919271749618929e-06,0.004675331059843302,0.0014802117366343737,0.002686446765437722,0.0035909186117351055,0.005553091410547495,0.02258259989321232,7.118440407793969e-05,1.124152186093852e-05,7.153095066314563e-05,0.0022549605928361416,0.0003157390165142715,0.34723368287086487,0.5265194773674011,8.341361999511719,0.1891729235649109,4.617068290710449,3.9650487899780273
19,0.0015538698062300682,0.0009166703675873578,0.00016733250231482089,0.00034630493610166013,0.00451596500352025,8.066343434620649e-05,1.2648431948036887e-05,0.002750400686636567,3.978574022767134e-05,0.002660285448655486,0.0034926454536616802,0.020580638200044632,3.489849405013956e-05,1.6952310033957474e-05,0.005282272584736347,0.0034883765038102865,0.0018732886528596282,0.006255772430449724,0.008823348209261894,0.013851074501872063,8.018229709705338e-05,4.48973605671199e-06,2.7772277462645434e-05,0.004291198682039976,0.001781947212293744,0.374440997838974,0.43456679582595825,6.5650458335876465,0.3308672308921814,7.737388610839844,2.154459238052368
20,0.0011161412112414837,0.0008227896178141236,0.00011631949746515602,0.0006783445714972913,0.005710470024496317,4.0720558899920434e-05,1.8009885025094263e-05,0.002448981162160635,4.3030871893279254e-05,0.00456941919401288,0.009147110395133495,0.02420012094080448,8.842464740155265e-05,3.166100214002654e-06,0.0010243805591017008,0.0035074902698397636,0.002412572503089905,0.005893348716199398,0.003386518219485879,0.015208798460662365,8.891143806977198e-05,7.745994480501395e-06,9.999999960041972e-13,0.0028557342011481524,0.002987514715641737,0.4060395061969757,0.5104589462280273,4.3634233474731445,0.3351726233959198,4.777412414550781,2.0361270904541016
21,0.0008139136480167508,0.00033698079641908407,0.00018112213001586497,0.0006855397950857878,0.0038742150645703077,4.445858940016478e-05,1.47215341712581e-05,0.0024094143882393837,4.3229101720498875e-05,0.0024422425776720047,0.003955873195081949,0.02424577809870243,6.326098082354292e-05,6.183593086461769e-06,0.003952189814299345,0.0006373358773998916,0.003523373045027256,0.0025827877689152956,0.0008062120177783072,0.028809120878577232,6.42225713818334e-05,6.085364020691486e-06,9.999999960041972e-13,0.0018021317664533854,0.00288418959826231,0.21025624871253967,0.5311630964279175,7.273674011230469,0.1791381537914276,5.584696292877197,3.6185929775238037
22,0.0014649684308096766,0.0008063414134085178,0.00021787580044474453,0.00035850537824444473,0.004627695307135582,7.923446537461132e-05,1.044692635332467e-05,0.001981615088880062,4.0046881622402e-05,0.0031948282849043608,0.0032328967936336994,0.012210517190396786,6.730242603225634e-05,1.3576101991930045e-05,0.0050241900607943535,0.0019487848039716482,0.002405805280432105,0.0012372683268040419,0.007333581335842609,0.017125379294157028,3.780551560339518e-05,1.4099246072873939e-05,0.00039859017124399543,0.0026100059039890766,0.0030945742037147284,0.488921582698822,0.6233009696006775,5.63853120803833,0.2005799263715744,6.765210151672363,3.3939895629882812
23,0.0013575779739767313,0.0005423644906841218,0.00014243267651181668,0.00033715961035341024,0.008291244506835938,4.199866089038551e-05,1.3951647815702017e-05,0.001857319031842053,5.193728065933101e-05,0.004031845834106207,0.005370478145778179,0.014390677213668823,4.250850179232657e-05,3.177949992050344e-08,0.002676920732483268,0.001621071482077241,0.0037978021427989006,0.002256565960124135,0.008162145502865314,0.008829876780509949,5.2903280447935686e-05,7.230121354950825e-06,5.4834748880239204e-05,0.0026343492791056633,0.0030670450069010258,0.3824404180049896,1.0177173614501953,3.1998398303985596,0.2805997133255005,4.751081466674805,3.0880486965179443
24,0.0018371616024523973,0.0005863203550688922,0.0002243481285404414,0.0006072405376471579,0.005321500822901726,3.5608150938060135e-05,9.321667675976641e-06,0.0016707123722881079,4.4219552364666015e-05,0.001505641732364893,0.0022952500730752945,0.01720276288688183,7.093050953699276e-05,5.12443784828065e-06,0.009642517194151878,0.0038017863407731056,0.0030907532200217247,0.0015487084165215492,0.004727350547909737,0.014169919304549694,4.1526185668772087e-05,1.7200100046466105e-05,4.2342537199147046e-05,0.004739528521895409,0.003773100208491087,0.33716723322868347,0.5715482234954834,7.612415313720703,0.1434524804353714,7.823218822479248,2.878692626953125
25,0.0011764527298510075,0.00027852950734086335,0.00012482504826039076,0.0004699120472650975,0.007405595853924751,5.4662312322761863e-05,1.0285290954925586e-05,0.0019418979063630104,5.217222133069299e-05,0.002918528625741601,0.005028184037655592,0.014835233800113201,3.432678204262629e-05,8.783466910244897e-06,0.0035965137649327517,0.0021139986347407103,0.00348731130361557,0.003140129381790757,0.002515315543860197,0.014688665047287941,1.82470594154438e-05,2.710511125769699e-06,0.0002257241285406053,0.00019701209384948015,0.0027504798490554094,0.45450320839881897,0.8054322600364685,5.295159816741943,0.2964498996734619,7.2443647384643555,3.334916353225708
26,0.0009451040532439947,0.00019291031640022993,0.00018180177721660584,0.00016943563241511583,0.0062621720135211945,6.43958046566695e-05,1.634059299249202e-05,0.001970740268006921,4.719140997622162e-05,0.0021001920104026794,0.005249059293419123,0.01455484889447689,5.8664016250986606e-05,3.0015223728696583e-06,0.0034276056103408337,0.004730894695967436,0.003907425794750452,0.0053396522998809814,0.006151056382805109,0.005600337404757738,9.77318049990572e-05,1.0659037798177451e-05,4.5090815547155216e-05,0.004708496853709221,0.0026465130504220724,0.4673003852367401,0.7973694801330566,4.148845672607422,0.28149285912513733,6.796436786651611,2.4317188262939453
27,0.0012470604851841927,0.0009617768228054047,0.00023953623895067722,1.0000000656873453e-05,0.00485033355653286,8.598565182182938e-05,1.4048823686607648e-05,0.0018599374452605844,3.368983743712306e-05,0.003772002412006259,0.005774000193923712,0.01051858626306057,5.905554644414224e-05,1.2468228305806406e-05,0.0024635475128889084,0.0031445787753909826,0.0003675008483696729,0.0021928788628429174,0.007156566716730595,0.023746028542518616,9.008397319121286e-05,1.3145888260623906e-05,0.00020816644246224314,0.004828349221497774,0.0009923222241923213,0.38934725522994995,0.8785352110862732,3.2086219787597656,0.19774684309959412,6.281093597412109,1.8226547241210938
28,0.0012902908492833376,0.0009089296218007803,0.00010788468352984637,0.00035199779085814953,0.006449008826166391,4.6701352403033525e-05,1.341156803391641e-05,0.0023754232097417116,4.286808689357713e-05,0.0014766071690246463,0.0046457815915346146,0.01711271144449711,8.93206088221632e-05,9.361291631648783e-06,0.004610906355082989,0.0001057413246599026,0.004019260872155428,0.00559264374896884,0.003953390754759312,0.015073402784764767,6.362264684867114e-05,1.5198709661490284e-05,0.0003819370176643133,0.00473548611626029,0.0011474440107122064,0.409111350774765,0.5242440700531006,6.158614158630371,0.22967591881752014,6.10023307800293,3.9991672039031982
29,0.0009675535839051008,0.0006791480118408799,0.00013979167852085084,0.0004740461299661547,0.009170835837721825,2.7553127438295633e-05,8.123669431370217e-06,0.0029132161289453506,4.1958785004680976e-05,0.003033836605027318,0.005612965207546949,0.024580400437116623,1.2550744031614158e-05,1.0376293175795581e-05,0.004434945061802864,0.0013627581065520644,0.0007460181368514895,0.0013980488292872906,0.001162375439889729,0.023822933435440063,5.927281381445937e-05,1.0574995030765422e-05,0.00017558310355525464,0.004451530519872904,0.000994260422885418,0.3511158227920532,0.4772105813026428,8.68811321258545,0.25282779335975647,7.50263786315918,3.6114351749420166
30,0.0010004029609262943,0.0007988035795278847,0.00020151019270997494,0.0005689501413144171,0.00641019968315959,3.0441140552284196e-05,1.1534004443092272e-05,0.002371416660025716,3.9902155549498275e-05,0.002283481415361166,0.004892690572887659,0.018000613898038864,6.214775203261524e-05,1.2442145816748962e-05,0.0037197682540863752,0.0023186698090285063,0.0015963210025802255,0.003549855435267091,0.0003843714075628668,0.015058775432407856,8.382774103665724e-05,9.333251909993123e-06,0.00015237405023071915,0.0018250701250508428,0.0037715481594204903,0.3656001389026642,0.5478280186653137,7.132856845855713,0.22883814573287964,7.035373687744141,4.027363300323486
31,0.000706391641870141,0.0008294135332107544,0.00012337759835645556,0.0005188996437937021,0.006140278186649084,7.290812209248543e-05,1.272276585950749e-05,0.0024130172096192837,5.383045572671108e-05,0.0028044963255524635,0.0028828501235693693,0.012544008903205395,1.6692434655851685e-05,1.3117620255798101e-05,0.0044335913844406605,0.0010802000761032104,0.004440434277057648,0.0017035087803378701,0.0053885034285485744,0.015154348686337471,7.771173841319978e-05,4.382637825983693e-07,0.00019611918833106756,0.0014186581829562783,0.00024604867212474346,0.35769927501678467,0.5437818765640259,5.966110706329346,0.24064627289772034,4.641469955444336,2.9702041149139404
32,0.001079849898815155,0.0004054377495776862,0.00015810471086297184,0.0004744028265122324,0.008917114697396755,3.346438461448997e-05,1.2491754205257166e-05,0.00227144337259233,3.3517233532620594e-05,0.0010024927323684096,0.007567206397652626,0.0251474529504776,4.7240828280337155e-05,1.0556103916314896e-05,0.005818403325974941,0.0028323684819042683,0.001442912151105702,0.004007319454103708,0.009667891077697277,0.01944730617105961,8.789201092440635e-05,1.0019409273809288e-05,0.0005967707256786525,0.000981016200967133,0.004142750054597855,0.37215521931648254,0.682969331741333,8.578322410583496,0.12096857279539108,5.9622416496276855,3.69673228263855
33,0.0013005547225475311,0.0006816029199399054,0.0002191264065913856,8.243425691034645e-05,0.006770654581487179,3.424099850235507e-05,1.1846651432279032e-05,0.001960507594048977,3.907434074790217e-05,0.0030161540489643812,0.004519482143223286,0.008891824632883072,9.365828009322286e-05,1.031133251672145e-05,0.005270186346024275,0.0021602397318929434,0.003128708340227604,0.002695490838959813,0.004887087270617485,0.01912715472280979,4.922443622490391e-05,1.1658098628686275e-05,9.999999960041972e-13,0.000610596442129463,0.002566537819802761,0.32553932070732117,0.760221004486084,3.9881560802459717,0.21155540645122528,6.470434188842773,3.3843963146209717
34,0.0013401261530816555,0.00041811043047346175,0.00014165518223308027,0.0003010622167494148,0.004816391039639711,7.393637497443706e-05,1.4601200746255927e-05,0.002413603011518717,3.877416020259261e-05,0.0024363764096051455,0.0049897185526788235,0.02030673809349537,5.311062341206707e-05,9.430857971892692e-06,0.005457197781652212,0.0010713677620515227,0.004082700703293085,0.006314799655228853,0.0016379649750888348,0.0239692572504282,8.226507634390146e-05,1.1296330740151461e-05,0.0007101669907569885,0.003980327397584915,0.0015973090194165707,0.4010295271873474,0.5105211138725281,6.734312057495117,0.2721641957759857,5.305078506469727,3.1946232318878174
35,0.001250215107575059,0.0006301851244643331,0.00017517374362796545,0.0009354559006169438,0.009660892188549042,1.7034522898029536e-05,1.2241815966262948e-05,0.0024888678453862667,5.4145388276083395e-05,0.0018831727793440223,0.0027556538116186857,0.010184235870838165,6.733305781381205e-05,3.8502997767864144e-07,0.003384317271411419,0.0017664345214143395,0.0013092823792248964,0.002853916957974434,0.0010689058108255267,0.014564133249223232,1.904202508740127e-05,3.3921050999197178e-06,9.999999960041972e-13,0.004159593489021063,0.0023473710753023624,0.41004568338394165,0.5698330998420715,5.716297149658203,0.22634488344192505,8.0,2.859506130218506
36,0.0019701141864061356,0.000598038372118026,0.00021570448006968945,0.00041458397754468024,0.006734931375831366,1.1319328223180491e-05,1.1530300980666652e-05,0.0018047477351501584,4.0118135075317696e-05,0.004230328369885683,0.007416968233883381,0.02108321525156498,6.14122545812279e-05,4.8451956899953075e-06,0.0036899172700941563,0.0007610645261593163,0.004725646693259478,0.0012174530420452356,0.0014632174279540777,0.015908602625131607,8.877067011781037e-05,1.4401918633666355e-05,0.0004301440203562379,0.0040403068996965885,0.0033580148592591286,0.47326481342315674,1.0821186304092407,4.386241912841797,0.2711890637874603,6.0286970138549805,4.14751672744751
37,0.0015638170298188925,0.0005105666350573301,0.00014502881094813347,0.0005363674717955291,0.0049127740785479546,3.232226299587637e-05,1.4941796507628169e-05,0.002345388988032937,3.9053054933901876e-05,0.0035102355759590864,0.004594327881932259,0.027422407642006874,7.331107917707413e-05,5.474556019180454e-06,0.002175309229642153,0.004140669479966164,0.00400549964979291,0.004332678858190775,0.007956086657941341,0.029126649722456932,6.637141632381827e-05,7.206097052403493e-06,0.0006635808967985213,0.002823613351210952,0.0011124401353299618,0.31204697489738464,0.5400857925415039,4.828005790710449,0.26822981238365173,4.266194820404053,3.016505718231201
38,0.0016057882457971573,0.00048611024976707995,0.00019365729531273246,0.0002015124337049201,0.0036920099519193172,8.983102452475578e-05,1.5385434380732477e-05,0.0027967512141913176,4.001004344900139e-05,0.0024587013758718967,0.005289222113788128,0.029796117916703224,2.1992178517393768e-05,7.62341323934379e-06,0.003450915450230241,0.004034899640828371,0.002741133561357856,0.006352188531309366,0.0034055684227496386,0.014204057864844799,9.305462299380451e-05,6.488627150247339e-06,7.805768109392375e-05,0.0019148538121953607,0.0036074414383620024,0.3842812478542328,0.4013679325580597,5.993633270263672,0.3007916510105133,6.971406936645508,1.731399416923523
39,0.0013913610018789768,0.00033875630469992757,0.00021764989651273936,0.0004517938650678843,0.0033243566285818815,6.380556442309171e-05,1.2417344805726316e-05,0.0025282613933086395,4.045833338750526e-05,0.002713873516768217,0.003427867777645588,0.015486221760511398,5.346842954168096e-05,1.230061116075376e-05,0.004100484307855368,0.0011583983432501554,0.0013772459933534265,0.003357839770615101,0.007701204624027014,0.015517385676503181,8.247990626841784e-05,9.445775503991172e-06,0.0006063387263566256,0.0005079035181552172,0.0013687250902876258,0.36660829186439514,0.45544981956481934,6.50387716293335,0.20657064020633698,7.054333686828613,2.3594424724578857
40,0.0012654560850933194,0.0003401954600121826,0.00018864763842429966,0.00016743740707170218,0.005665263626724482,5.043103010393679e-05,1.3240884982224088e-05,0.0022878313902765512,4.9963462515734136e-05,0.002969958120957017,0.004859182517975569,0.010801204480230808,6.021290391799994e-05,3.422176177991787e-06,0.003978907596319914,0.003002271754667163,0.0016918511828407645,0.0032429995480924845,0.003616431262344122,0.010181928053498268,6.321638647932559e-05,1.1734785402950365e-05,6.235521141206846e-06,0.003757619531825185,0.0025055473670363426,0.3831880986690521,0.5653477907180786,4.899763107299805,0.2850174605846405,7.145699501037598,4.093903064727783
41,0.0013350374065339565,0.000989892752841115,0.00018962453759741038,0.0002846621791832149,0.006615821272134781,5.129643977852538e-05,1.5079869626788422e-05,0.0019610216841101646,4.618885213858448e-05,0.003223824081942439,0.0056954436004161835,0.010206365957856178,4.7729605284985155e-05,3.0087940103840083e-06,0.005773899611085653,0.0018973243422806263,0.0004965419066138566,0.0041939690709114075,0.002611509757116437,0.025633104145526886,6.406884494936094e-05,4.15871863879147e-06,0.00035802199272438884,0.001292668515816331,0.003973590210080147,0.43750330805778503,0.7437798380851746,6.299838066101074,0.2780662775039673,7.543340682983398,3.000615358352661
42,0.001089549856260419,0.0004860216868110001,0.00018155227007810026,0.0003778898681048304,0.007288125343620777,1.3344524631975219e-05,1.1512665878399275e-05,0.0019144206307828426,4.639068720280193e-05,0.0029162676073610783,0.0062101418152451515,0.015588358044624329,7.338742580031976e-05,1.209975471283542e-05,0.003126569092273712,0.0016304421005770564,0.002733452944085002,0.0025279379915446043,0.0031488894019275904,0.016863929107785225,5.1650080422405154e-05,2.1479813767655287e-06,0.0003457446291577071,0.003919561859220266,0.0018370907055214047,0.4030436873435974,0.9163364768028259,4.551936149597168,0.28384578227996826,4.947879791259766,3.7854700088500977
43,0.0012753638438880444,0.0005797967896796763,0.00017852617020253092,0.00023648155911359936,0.006016812287271023,7.258211553562433e-05,1.4225607628759462e-05,0.0018703930545598269,3.70822090189904e-05,0.0032168200705200434,0.0038162991404533386,0.011322776786983013,8.319769403897226e-05,9.023407073982526e-06,0.0038190707564353943,0.003557806136086583,0.003059098497033119,0.002710677683353424,0.006515392567962408,0.013490546494722366,7.510607974836603e-05,1.8339600501349196e-05,0.00034262737608514726,0.0026574849616736174,0.003396608866751194,0.33372488617897034,0.7707722187042236,4.274251937866211,0.17694494128227234,5.175119400024414,4.230048179626465
44,0.0018648155964910984,0.0009919666917994618,0.0001585229329066351,0.0008631332311779261,0.009041926823556423,2.5920064217643812e-05,8.760318451095372e-06,0.0015083368634805083,2.9296868888195604e-05,0.003595230635255575,0.0030106776393949986,0.018726764246821404,6.616816972382367e-05,1.9313984012114815e-05,0.004537299275398254,0.004853581078350544,0.004928249400109053,0.004040595609694719,0.004549667239189148,0.01743883080780506,8.853441977407783e-05,1.5250507203745656e-05,0.0007531936280429363,0.0011334033915773034,0.0023159345146268606,0.44635796546936035,1.1677051782608032,4.277007579803467,0.29069095849990845,6.397915840148926,2.9045345783233643
45,0.0011801300570368767,0.0006725341663695872,0.0002209976373706013,0.0006562889320775867,0.006575040053576231,2.9018265195190907e-05,6.204395958775422e-06,0.0027980736922472715,3.352332714712247e-05,0.002741956850513816,0.0013211844488978386,0.012329649180173874,5.8125267969444394e-05,1.7203867173520848e-05,0.0033705076202750206,0.001144245034083724,0.00414934242144227,0.001159871113486588,0.00725064380094409,0.021491803228855133,8.550714119337499e-05,1.898733535199426e-05,3.073922562180087e-05,0.004536539316177368,0.0022096214815974236,0.27768778800964355,0.420538067817688,5.550267219543457,0.189203679561615,7.9108991622924805,1.9306597709655762
46,0.001389998709782958,0.0009174009901471436,0.00013450821279548109,0.0005550271598622203,0.00924077257514,2.567770025052596e-05,1.0642791494319681e-05,0.0032045331317931414,3.14689168590121e-05,0.005281530786305666,0.0069923787377774715,0.02788160927593708,5.609695290331729e-05,1.6468104149680585e-05,0.0012156113516539335,0.0020080714020878077,0.004726259503513575,0.0002494326909072697,0.005513244308531284,0.022971929982304573,7.611887122038752e-05,8.696468285052106e-06,9.999999960041972e-13,0.0005078500253148377,0.0044070398434996605,0.338116317987442,0.3833317756652832,5.429100513458252,0.22324085235595703,4.826628684997559,4.254382610321045
47,0.0006903648609295487,0.00045748960110358894,0.0001794868294382468,0.0003622791264206171,0.009375862777233124,2.2670468752039596e-05,1.2025402611470781e-05,0.00312015856616199,4.5810309529770166e-05,0.002709583844989538,0.004850117489695549,0.02542387694120407,4.6784247388131917e-05,1.660874545450497e-06,0.006284299772232771,0.0006411620415747166,0.0045750937424600124,0.0018100314773619175,0.002222114009782672,0.014196600764989853,5.519621117855422e-05,1.0038853361038491e-05,9.999999960041972e-13,0.004136107861995697,0.002297420985996723,0.41966769099235535,0.4306219816207886,7.985520839691162,0.24836254119873047,6.2054338455200195,3.6628432273864746
48,0.0011230972595512867,0.0008925817674025893,0.0001507143024355173,0.00038306324859149754,0.0069510056637227535,3.920771268894896e-05,1.0249499609926715e-05,0.0021561116445809603,4.562268441077322e-05,0.003126086900010705,0.005956566892564297,0.022103115916252136,7.1203608058567625e-06,1.231305577675812e-05,0.0030687637627124786,0.004382100887596607,0.002097585005685687,0.0008512175991199911,0.0030139917507767677,0.016861287876963615,9.632721048546955e-05,6.194917204993544e-06,0.0004890342243015766,0.003846017876639962,0.0011234770063310862,0.37448954582214355,0.6962264776229858,5.94181489944458,0.2203679382801056,5.115198612213135,4.932318687438965
49,0.0018627527169883251,0.0002395960909780115,0.00014414831821341068,0.0007514999015256763,0.004820484202355146,3.2488303986610845e-05,7.27468250261154e-06,0.0021738247014582157,4.2309038690291345e-05,0.0023872661404311657,0.004402568098157644,0.026699354872107506,1.840271033870522e-05,1.3872743693355005e-05,0.004409617278724909,0.0006066792993806303,0.003522512037307024,0.003917902708053589,0.009711560793220997,0.021776651963591576,5.212542964727618e-05,7.032420853647636e-06,0.00010011299309553578,0.0025114971213042736,0.0009126791264861822,0.30415451526641846,0.6493238210678101,7.998252868652344,0.3006177842617035,7.061091423034668,1.874589443206787
50,0.0018277999479323626,0.00019128185522276908,0.0001803998602554202,0.0008207189966924489,0.006510728504508734,4.228050238452852e-05,1.4992412616265938e-05,0.0032365485094487667,4.4056185288354754e-05,0.0037835496477782726,0.0045528230257332325,0.01757955364882946,7.566394924651831e-05,1.2431316918082302e-06,0.0006645650137215853,0.0021221942733973265,0.0011023556580767035,0.00049869145732373,0.0031961428467184305,0.027407748624682426,4.7174216888379306e-05,9.639105883252341e-06,9.999999960041972e-13,0.0022131665609776974,0.002777396934106946,0.3366934359073639,0.3589147925376892,5.131505966186523,0.16509227454662323,6.150506019592285,3.4193687438964844
51,0.0016332578379660845,0.0007934179157018661,0.00014354252198245376,0.0005430084420368075,0.008178949356079102,2.544612107158173e-05,1.4394158824870829e-05,0.002288855379447341,4.8603546019876376e-05,0.0022680985275655985,0.0081819798797369,0.027162475511431694,5.7756577007239684e-05,4.275164883438265e-06,0.005130594130605459,0.002677116310223937,0.0013167914003133774,0.003203766653314233,0.00397381279617548,0.0059975748881697655,5.863172918907367e-05,2.556744448156678e-06,6.699097866658121e-05,0.004584878217428923,0.001682542497292161,0.3944508731365204,0.707533597946167,8.02825927734375,0.2168402075767517,5.653059959411621,4.520893096923828
52,0.001429998897947371,0.0007275243988260627,0.0001972024329006672,0.0004638379905372858,0.003740721382200718,6.07433175900951e-05,1.4098235624260269e-05,0.002153001492843032,4.729336797026917e-05,0.003907601349055767,0.004868786316365004,0.01964067667722702,5.694765422958881e-05,8.636135135020595e-06,0.004429243505001068,0.0013762498274445534,0.002245391719043255,0.0009634039597585797,0.0020742949564009905,0.014330195263028145,7.547662244178355e-05,5.889006843062816e-06,0.0007095672190189362,0.0013433591229841113,0.0010366725036874413,0.40128740668296814,0.6221622228622437,6.127418041229248,0.21851181983947754,5.0436787605285645,4.764317512512207
53,0.0018791377078741789,0.0008286950178444386,0.00022502441424876451,0.00048481719568371773,0.006634339690208435,8.386746048927307e-05,1.4387795999937225e-05,0.002079704310745001,4.180084215477109e-05,0.0035264380276203156,0.0050557018257677555,0.01791570708155632,5.067848906037398e-05,2.8148485853307648e-06,0.003667136887088418,0.003878970630466938,0.003257159609347582,0.0019320105202496052,0.007032292429357767,0.011316903866827488,3.687998469104059e-05,8.832055755192414e-06,2.7052061341237277e-05,0.0032686053309589624,0.0036148412618786097,0.447465717792511,0.7584872841835022,5.956417083740234,0.19449469447135925,7.671009063720703,2.8840129375457764
54,0.0012756905052810907,0.0007750798831693828,0.00016637744556646794,0.00016797642456367612,0.005949377082288265,5.5250722652999684e-05,1.1794206329795998e-05,0.002122326986864209,4.140226883464493e-05,0.003015318652614951,0.005243532359600067,0.007203683257102966,7.306472980417311e-05,9.279020559915807e-06,0.00598418153822422,0.001488090492784977,0.0006922791944816709,0.001841798541136086,0.006975969299674034,0.01806369237601757,6.665445835096762e-05,1.6640669855405577e-05,7.509663555538282e-05,0.0012146285735070705,0.00014376844046637416,0.34553825855255127,0.6561471223831177,6.212111949920654,0.15013286471366882,6.774381637573242,2.6995694637298584
55,0.0011429156875237823,0.0007265689200721681,0.00018669555720407516,0.0008826259872876108,0.004746162798255682,5.831497037434019e-05,1.4054504390514921e-05,0.001964904135093093,4.844462455366738e-05,0.004074436146765947,0.0007419296889565885,0.014087974093854427,5.656358916894533e-05,4.766359325003577e-06,0.0023254170082509518,0.003521054983139038,0.0023991542402654886,0.0033525966573506594,0.005765083245933056,0.0157634187489748,5.2520779718179256e-05,5.5535724641231354e-06,0.00024336788919754326,0.0015648321714252234,0.0029212478548288345,0.38431912660598755,0.7633109092712402,3.176969051361084,0.30831947922706604,7.725141525268555,4.134929180145264
56,0.001504741609096527,0.0006126997177489102,0.00022142207308206707,0.0002471884072292596,0.004996254108846188,4.372369949123822e-05,1.2722399333142675e-05,0.002257794141769409,4.377925506560132e-05,0.0030675691086798906,0.0072985365986824036,0.01825467124581337,6.299800588749349e-05,2.444248821120709e-06,0.00470709940418601,0.0038507587742060423,0.0005671889521181583,0.0019400410819798708,0.00014715032011736184,0.013895183801651001,6.765646685380489e-05,1.5795078070368618e-05,0.00013310312351677567,0.0047951918095350266,0.003064664313569665,0.46635130047798157,0.5809693932533264,6.585663795471191,0.22085842490196228,6.8244171142578125,2.207202672958374
57,0.0016642571426928043,0.0006648944690823555,0.00016416663129348308,0.00036144795012660325,0.0074441577307879925,7.758357969578356e-05,1.300596704822965e-05,0.0020054278429597616,3.432996163610369e-05,0.004201024305075407,0.004272405989468098,0.015044565312564373,6.792190833948553e-05,1.4076994375500362e-05,0.005180315114557743,0.003995918668806553,0.0036704279482364655,0.0035674802493304014,0.005884579382836819,0.02299487218260765,6.137701711850241e-05,1.263271042262204e-05,0.00022548323613591492,0.0014104401925578713,0.00206323666498065,0.6343821883201599,0.7083351016044617,5.999605178833008,0.290794312953949,7.163435935974121,2.575029134750366
58,0.0013815993443131447,0.0007661282434128225,0.00016146690177265555,0.0005747794639319181,0.006417510099709034,5.354851600714028e-05,1.2738958503177855e-05,0.002021048916503787,3.3050171623472124e-05,0.002463064854964614,0.004830790217965841,0.01969876140356064,9.999999747378752e-05,1.843720929173287e-05,0.0034117649774998426,0.003262850921601057,0.0029894362669438124,0.006280824076384306,0.005417341366410255,0.006765190977603197,6.792823114665225e-05,8.75982459547231e-06,0.0002002141991397366,0.002258762251585722,0.0015623453073203564,0.4021564722061157,0.7114579677581787,5.522568702697754,0.23591598868370056,7.757961273193359,1.9560821056365967
59,0.0013876606244593859,0.0002739126211963594,0.00012583014904521406,0.000400538498070091,0.009730935096740723,3.088409357587807e-05,1.5618921679561026e-05,0.002810289617627859,4.4146836444269866e-05,0.0011424798285588622,0.004077653866261244,0.012861804105341434,9.277980279875919e-05,5.111022346682148e-06,0.0072447494603693485,0.002761291339993477,0.0018742075189948082,0.004616725258529186,0.0034982350189238787,0.018972869962453842,5.0609491154318675e-05,6.4805230977071915e-06,0.0003854836104437709,0.002105747116729617,0.003869331907480955,0.33945775032043457,0.4661399722099304,7.255453109741211,0.15148471295833588,5.601273536682129,2.4972777366638184
60,0.0015725709963589907,0.0002287633833475411,0.00015907027409411967,0.0005890380125492811,0.006188237573951483,4.4438471377361566e-05,1.2673158380493987e-05,0.0020312464330345392,4.395497671794146e-05,0.002973574912175536,0.004627692513167858,0.015089334920048714,5.5245393014047295e-05,7.2010157055046875e-06,0.003449677722528577,0.000699049502145499,0.002752817003056407,0.00353465904481709,0.004162434954196215,0.018992235884070396,6.273928738664836e-05,9.629335181671195e-06,0.00021032743097748607,0.0006046465132385492,0.0007641036063432693,0.27392837405204773,0.7234249114990234,5.747039318084717,0.23193907737731934,6.336757183074951,4.483376502990723
61,0.001899786526337266,0.0009167971438728273,0.0001521015219623223,0.0007810425595380366,0.008302136324346066,5.279188189888373e-05,1.2598926332429983e-05,0.0026015709154307842,4.927209374727681e-05,0.0006810710183344781,0.001017298549413681,0.009974903427064419,7.232632196974009e-05,7.88716170063708e-06,0.005144651047885418,0.002956703072413802,0.0031708795577287674,0.003972806502133608,0.0016175515484064817,0.020239613950252533,2.357356424909085e-05,6.297663730947534e-06,0.0004081247898284346,0.0023239499423652887,0.004968550987541676,0.43299368023872375,0.465054452419281,4.981895446777344,0.1976124346256256,5.36782169342041,4.927311897277832
62,0.001627743011340499,0.0005289965192787349,0.00013102761295158416,0.0002635372511576861,0.009974758140742779,1.082300423149718e-05,7.275173629750498e-06,0.0037990885321050882,3.221098450012505e-05,0.0005084077129140496,0.0035547458101063967,0.026287565007805824,5.6558314099675044e-05,1.9768127458519302e-05,0.009103536605834961,0.001230065943673253,0.0005176910781301558,0.004587490577250719,0.0044350954703986645,0.01704803854227066,7.543952960986644e-05,1.2396882084431127e-05,0.0003669280558824539,0.0027202533092349768,0.0036959208082407713,0.20926254987716675,0.33311986923217773,7.90523624420166,0.16219064593315125,4.914115905761719,4.458494186401367
63,0.0012638650368899107,0.0005381258088164032,0.0001395012513967231,0.0003546572115737945,0.008329489268362522,3.601523712859489e-05,9.071603017218877e-06,0.0035873688757419586,3.557891250238754e-05,0.0029505679849535227,0.003274589776992798,0.022309698164463043,8.110279304673895e-05,1.7741798728820868e-05,0.006999186240136623,0.0001422335481038317,0.0009789433097466826,0.004356842953711748,0.004130135755985975,0.010103469714522362,5.8843546867137775e-05,1.5056144547997974e-05,7.967479177750647e-05,0.0012804599246010184,0.001040791510604322,0.3469897508621216,0.3367381691932678,7.909058570861816,0.28639277815818787,6.969877243041992,3.8801677227020264
64,0.0011302579659968615,0.000851380464155227,0.00012283639807719737,0.0001232240319950506,0.005459395237267017,7.80525297159329e-05,1.4892330000293441e-05,0.002565884729847312,3.092353290412575e-05,0.004136023111641407,0.007197011727839708,0.02747792936861515,5.7643144828034565e-05,1.4807846127951052e-05,0.007095891050994396,0.004399821627885103,0.0014474670169875026,0.003591122105717659,0.0006182771176099777,0.025843871757388115,9.096607391256839e-05,1.2532695109257475e-05,0.00047420297050848603,0.0009435078827664256,0.001819130964577198,0.3759435713291168,0.4626115560531616,7.166507244110107,0.22343751788139343,4.521888732910156,4.941802978515625
65,0.0012189843691885471,0.0004217071400489658,9.88525862339884e-05,0.0007593441987410188,0.004689893219619989,6.431688962038606e-05,1.580535354150925e-05,0.0020536838565021753,5.333475928637199e-05,0.003159284358844161,0.0035393654834479094,0.021384235471487045,6.086481153033674e-05,6.03252283326583e-06,0.003669251687824726,0.003968818113207817,0.0028661268297582865,0.004457078408449888,0.0017530424520373344,0.01833486557006836,3.999638283858076e-05,4.948132072968292e-07,0.00017021878738887608,0.003415551735088229,0.001058795372955501,0.4475082457065582,0.7103950381278992,5.938013076782227,0.31871429085731506,4.565248966217041,2.114818572998047
66,0.0006944905035197735,0.0005664664204232395,0.00011813515448011458,0.0004826790827792138,0.005563053302466869,6.317287625279278e-05,1.3064521226624493e-05,0.0018922619055956602,4.8209414671873674e-05,0.0050825257785618305,0.005806095898151398,0.017078688368201256,5.580246215686202e-05,8.399566468142439e-06,0.00401275884360075,0.0011890368768945336,0.003700792323797941,0.0009110441314987838,0.004052572418004274,0.02312234789133072,3.380767157068476e-05,4.309584710426861e-06,9.999999960041972e-13,0.0013939591590315104,0.003563839942216873,0.5179896354675293,0.8333715796470642,5.599821090698242,0.26513245701789856,5.048327445983887,1.9558827877044678
67,0.0019621453247964382,0.0004201883857604116,9.786189184524119e-05,0.0003288185107521713,0.008154420182108879,1.4065331015444826e-05,1.2072984645783436e-05,0.0018132696859538555,5.161972512723878e-05,0.003984565380960703,0.006610539276152849,0.01175450999289751,8.836589404381812e-05,5.750791387981735e-06,0.0061419205740094185,0.0016299269627779722,0.003975077532231808,0.00044044884270988405,0.001685056951828301,0.014564336277544498,4.449946936802007e-05,8.315293598570861e-06,0.0001464384258724749,0.0033584905322641134,0.00015611706476192921,0.3506683111190796,1.1317241191864014,5.2929816246032715,0.19160589575767517,3.1208319664001465,2.0862722396850586
68,0.0012266504345461726,0.0006347604212351143,7.431329868268222e-05,0.0006191718275658786,0.0064702387899160385,5.5018717830535024e-05,1.1757532774936408e-05,0.002446551574394107,4.3978892790619284e-05,0.002978050848469138,0.0005137271946296096,0.012862655334174633,6.558497261721641e-05,4.708783308160491e-06,0.002107957610860467,0.0012778484961017966,0.004354451317340136,0.0038282291498035192,0.006244293414056301,0.024368301033973694,4.4490097934613004e-05,1.9798451830865815e-05,0.0006607253453694284,0.0008094456279650331,0.001213756506331265,0.21442341804504395,0.497515469789505,3.5060999393463135,0.21455708146095276,5.6061692237854,3.5757524967193604
69,0.0013484687078744173,0.00040310787153430283,0.00014906299475114793,0.0008806640398688614,0.008062278851866722,5.245181091595441e-05,1.0949260285997298e-05,0.0025295945815742016,3.710345481522381e-05,0.0007691359496675432,0.002882658503949642,0.02011703886091709,6.438469426939264e-05,6.934109933354193e-06,0.004838031716644764,0.002649401081725955,0.003121752757579088,0.0033822348341345787,0.0031741454731673002,0.02256561629474163,4.102169623365626e-05,1.7851429220172577e-05,0.00048313572187907994,0.002846012357622385,0.003230529371649027,0.3097916543483734,0.5428205728530884,7.903426170349121,0.10000000149011612,7.222971439361572,4.813713073730469
70,0.0015538609586656094,0.00042229366954416037,5.267921005724929e-05,0.0004933298332616687,0.008482791483402252,6.157362804515287e-05,1.397844243911095e-05,0.0028738495893776417,5.097499524708837e-05,0.0012468586210161448,0.0020398355554789305,0.014370603486895561,4.638653990696184e-05,5.5745117606420536e-06,0.007171797566115856,0.002398798940703273,0.0042967661283910275,0.0059441770426929,0.005500387866050005,0.021513687446713448,5.6425080401822925e-05,1.0663096873031463e-05,0.00010446103260619566,0.0034387388732284307,0.002852572361007333,0.237075537443161,0.44318294525146484,6.308210372924805,0.304033100605011,5.287432670593262,3.5121545791625977
71,0.0019775673281401396,0.000820815097540617,0.00015999883180484176,0.0002988146443385631,0.007719754241406918,3.4174943721154705e-05,1.1510319382068701e-05,0.001957521541044116,3.3292621083091944e-05,0.004638240672647953,0.008817298337817192,0.028673633933067322,4.916659236187115e-05,9.099620001506992e-06,0.003498159348964691,0.0015012937365099788,0.004955186974257231,0.003842448815703392,0.004063745494931936,0.020906763151288033,7.029968401184306e-05,1.1350854038028046e-05,0.0008307775715366006,0.002086339285597205,0.002473972737789154,0.4923267364501953,0.8293744921684265,5.340837001800537,0.31576472520828247,7.4008259773254395,2.413877487182617
72,0.0007739873835816979,0.00036390870809555054,0.00016214470088016242,0.00034906016662716866,0.00873540248721838,5.477386366692372e-05,1.1679662748065311e-05,0.0022934554144740105,4.8563804739387706e-05,0.0001260299322893843,0.0029718673322349787,0.005726180970668793,3.235200347262435e-05,1.6323527233907953e-05,0.00444922037422657,0.0035156954545527697,0.001342844101600349,0.0038403617218136787,0.0037961166817694902,0.010444357991218567,9.163365029962733e-05,3.86357487514033e-06,2.327673246327322e-05,0.0004895566962659359,0.004758080001920462,0.29995715618133545,0.5920888185501099,4.903367519378662,0.15115666389465332,4.589228630065918,4.434911727905273
73,0.0014676538994535804,0.0007293423404917121,0.0001581605029059574,0.0006894443649798632,0.008527779020369053,7.8174052760005e-05,9.772714292921592e-06,0.002541786525398493,4.118609649594873e-05,0.001945046940818429,0.0016010230174288154,0.010382460430264473,1.2501242281359737e-06,1.7657655916991644e-05,0.0034668531734496355,0.002672146074473858,0.004538970999419689,0.0007322540041059256,0.004627905786037445,0.026637183502316475,8.422462997259572e-05,7.3033115768339485e-06,0.00029486638959497213,0.0038346529472619295,0.003822582308202982,0.2541292905807495,0.5007305145263672,4.442994117736816,0.11633181571960449,4.468894958496094,3.1984500885009766
74,0.0014732545241713524,0.0005493589560501277,0.000162443655426614,0.0004621049447450787,0.007134472019970417,2.8035103241563775e-05,1.237974447576562e-05,0.002336056437343359,4.005553637398407e-05,0.003001081757247448,0.005727482959628105,0.016886690631508827,6.92780376994051e-05,7.455137620127061e-06,0.003610806306824088,0.0012145754881203175,0.0037991793360561132,0.004709981381893158,0.0006681937375105917,0.017941942438483238,9.377535025123507e-05,1.568623338243924e-05,6.432356894947588e-05,0.004001775290817022,0.0010893989820033312,0.5218544006347656,0.5896430611610413,5.694878578186035,0.30641210079193115,6.950925827026367,1.9287457466125488
75,0.0012982492335140705,0.0007286705076694489,0.00014339693007059395,0.0008844160474836826,0.006585325114428997,2.1732317691203207e-05,1.0190225111728068e-05,0.0032502461690455675,3.8228125049499795e-05,0.001306307502090931,0.0010516142938286066,0.020713673904538155,6.680445949314162e-05,1.4112708413449582e-05,0.006130702327936888,0.0012878933921456337,0.0016121403314173222,0.005987562704831362,0.0033586828503757715,0.021649686619639397,7.931965956231579e-05,1.3225185284682084e-05,2.9107890441082418e-05,0.004938023164868355,0.004263292532414198,0.23213613033294678,0.35909217596054077,7.611781597137451,0.28380072116851807,6.159265995025635,2.804683208465576
76,0.0015969881787896156,0.0007738819695077837,0.00016434020653832704,0.000240870620473288,0.007508939132094383,3.243728497182019e-05,1.37701945277513e-05,0.0025402510073035955,3.6082929000258446e-05,0.0029522411059588194,0.006793052889406681,0.022744912654161453,6.343317363644019e-05,2.1825378553330665e-06,0.0054000806994736195,0.000567032431717962,0.004792319610714912,0.004812924657016993,0.004989876411855221,0.024507572874426842,7.539673242717981e-05,1.5457047993550077e-05,0.00029751332476735115,0.002570271957665682,0.0016390146920457482,0.30623239278793335,0.5298947691917419,6.8390655517578125,0.24955788254737854,6.551798343658447,2.1166751384735107
77,0.0014114895602688193,0.0006742817349731922,0.00015494308900088072,0.0005298862233757973,0.009007710963487625,3.233034658478573e-05,1.4411887605092488e-05,0.0020556834060698748,4.1668114135973155e-05,0.002556346356868744,0.005201863124966621,0.010651535354554653,7.146056304918602e-05,1.489897044848476e-06,0.0036027629394084215,0.002635978627949953,0.000553542748093605,0.005116205662488937,0.0076766773127019405,0.01565893553197384,8.995577809400856e-05,1.686516043264419e-05,0.0003752929624170065,0.004764236509799957,0.0018315254710614681,0.4846370816230774,0.7576090693473816,5.530160427093506,0.25679823756217957,4.8021721839904785,3.838637113571167
78,0.0008808272541500628,0.0008778396295383573,0.00016065480303950608,0.00051454285858199,0.005830850917845964,5.200076338951476e-05,9.529888302495237e-06,0.002234856830909848,4.641485065803863e-05,0.0043905507773160934,0.00495767081156373,0.01496562734246254,3.801920684054494e-05,1.120296110457275e-05,0.0037904619239270687,0.0029485770501196384,0.0003910037048626691,0.001062282477505505,0.0014809146523475647,0.006684732623398304,7.644525612704456e-05,1.3299107195052784e-05,9.999999960041972e-13,0.0005266606458462775,0.00029323078342713416,0.4446878135204315,0.6085823774337769,6.282054901123047,0.2620963752269745,7.406004428863525,4.291161060333252
79,0.000974652823060751,0.0007296703406609595,0.0001806314248824492,0.0006310218013823032,0.00394782330840826,3.400426794542e-05,1.3880330698157195e-05,0.0014575712848454714,5.770386633230373e-05,0.003030911786481738,0.0004334590630605817,0.012580592185258865,8.33457161206752e-05,6.205558520377963e-07,0.003071713959798217,0.0009086583158932626,0.0014402717351913452,0.0022321033757179976,0.004598880652338266,0.019076166674494743,1.5218282896967139e-05,2.6474951937416336e-06,0.00554139818996191,0.003010269720107317,0.0033102703746408224,0.38929158449172974,0.8749532699584961,4.767611980438232,0.2856922447681427,6.240955829620361,3.4742987155914307
80,0.0016305590979754925,0.0009221116197295487,0.0001875733578344807,0.00039290139102377,0.007273243740200996,7.920879579614848e-05,1.6231324480031617e-05,0.0027406204026192427,3.6644745705416426e-05,0.0025918285828083754,0.0037862162571400404,0.015918297693133354,5.7501780247548595e-05,8.889071068551857e-06,0.006320397835224867,0.0027901597786694765,0.0029689555522054434,0.005145558156073093,0.006476496811956167,0.02268335595726967,8.62891974975355e-05,8.89212969923392e-06,2.819156725308858e-05,0.00256213522516191,0.002285364316776395,0.4599764049053192,0.4783865213394165,6.698714733123779,0.2459435760974884,5.107056617736816,2.360424757003784
81,0.0019072669092565775,0.000656928401440382,0.00021331585594452918,0.0010489444248378277,0.00762882549315691,9.268075518775731e-05,1.135989441536367e-05,0.0026550369802862406,4.2483814468141645e-05,0.0024311617016792297,0.0012719323858618736,0.013482889160513878,4.504171613461949e-07,3.3355313462379854e-06,0.004739115014672279,0.0017996456008404493,0.0019015378784388304,0.0006378336111083627,0.0023203741293400526,0.017053848132491112,8.102147694444284e-05,1.9767538105952553e-05,4.612202974385582e-05,0.004520670510828495,0.004600559826940298,0.30259305238723755,0.5332642197608948,8.113855361938477,0.13552260398864746,4.399657249450684,2.9780831336975098
82,0.0012462972663342953,0.0005710122059099376,0.00013003034109715372,7.213678327389061e-05,0.009202727116644382,9.009688801597804e-05,1.3213712009019218e-05,0.0022090424317866564,3.8187044992810115e-05,0.0026377893518656492,0.0070327091962099075,0.011892287991940975,4.0385239117313176e-05,1.2028518540319055e-05,0.005268327426165342,0.002782725263386965,0.0004221623239573091,0.00564626045525074,0.001527457614429295,0.01574028469622135,6.836821557953954e-05,1.0659975487214979e-05,0.00017274805577471852,0.0017712750704959035,0.004054580349475145,0.536175549030304,0.6733603477478027,8.3651123046875,0.24896293878555298,6.114543914794922,4.0330071449279785
83,0.00140854949131608,0.0006598262116312981,0.00018106964125763625,0.0006179873598739505,0.008714801631867886,1.865815465862397e-05,8.394076758122537e-06,0.002270858269184828,4.602461922331713e-05,0.0022530320566147566,0.004947535693645477,0.015388299711048603,1.0967161870212294e-05,1.5907966371742077e-05,0.005277840420603752,0.0021506245248019695,0.0019288392504677176,0.0004365089407656342,0.0011553526856005192,0.0176754929125309,9.644367673899978e-05,1.5972367464200943e-06,5.314440932124853e-05,0.004477370530366898,0.0011711446568369865,0.2937149107456207,0.6366068124771118,7.7696990966796875,0.15532195568084717,7.14816951751709,4.696340560913086
84,0.0019917075987905264,0.00012259167851880193,0.00019635252829175442,0.0002682569029275328,0.004291362129151821,8.66097689140588e-05,1.4949302567401901e-05,0.002396322088316083,4.0060931496554986e-05,0.0036224634386599064,0.007727692369371653,0.02991241216659546,1.7708962332108058e-05,5.3378698794404045e-06,0.006799046415835619,0.0017204664181917906,0.0014495695941150188,0.002156599424779415,0.0033475032541900873,0.015947887673974037,8.606169285485521e-05,6.871735422464553e-06,7.757522689644247e-05,0.004144310485571623,0.004162677098065615,0.3902488648891449,0.5497480630874634,8.890007019042969,0.19245463609695435,6.088908672332764,2.507622480392456
85,0.0005396879860199988,0.0008774291491135955,0.00010195502545684576,0.0005359680508263409,0.008418740704655647,1.0297157132299617e-05,1.0144989573745988e-05,0.0023323679342865944,4.773391628987156e-05,0.002460055286064744,0.0042528691701591015,0.016705617308616638,8.771548891672865e-05,6.005862360325409e-06,0.004853919148445129,0.0015605671796947718,0.0034979258198291063,0.0032654295209795237,0.00374844903126359,0.013894475996494293,3.867352279485203e-05,1.547013016534038e-05,1.2887552429674543e-06,0.0010419889586046338,0.0034570125862956047,0.3536072373390198,0.6424602270126343,7.146588325500488,0.27174219489097595,2.691568374633789,4.529714107513428
86,0.0014375550672411919,0.0006067618378438056,0.0001676312240306288,0.00047258351696655154,0.007674906402826309,5.882549157831818e-05,1.4096283848630264e-05,0.002301317173987627,3.4448778023943305e-05,0.004386695567518473,0.005507335066795349,0.021314451470971107,4.013484067399986e-05,5.447905095934402e-06,0.004674581345170736,0.004321044776588678,0.004418477416038513,0.000842762878164649,0.0056213694624602795,0.027921682223677635,9.401659190189093e-05,1.643958421482239e-05,0.0006638800841756165,0.004780116491019726,0.0038104222621768713,0.4373723566532135,0.6392087936401367,6.336726188659668,0.2045580893754959,4.5663676261901855,4.183443546295166
87,0.001112513244152069,0.0004898146144114435,0.00012821934069506824,0.0004827101365663111,0.010536016896367073,3.218942219973542e-05,1.2871987564722076e-05,0.0021867945324629545,4.069260830874555e-05,0.0016404351918026805,0.005051074083894491,0.014029593206942081,9.212587610818446e-05,1.2455778232833836e-05,0.007799298502504826,0.00363275152631104,0.0014037310611456633,0.0053919535130262375,0.00615971302613616,0.027706490829586983,1.28895953821484e-05,1.0690222325138166e-06,0.0003191392752341926,0.0018802594859153032,0.0024378716479986906,0.4732803702354431,0.7315661311149597,9.169715881347656,0.24968776106834412,7.218440055847168,3.3310201168060303
88,0.0012659705244004726,0.0005024819984100759,0.0001543066609883681,0.0011584238382056355,0.002797110704705119,2.3839787900215015e-05,1.2729698937619105e-05,0.0020102630369365215,4.202545460429974e-05,0.00268584955483675,0.0012390125775709748,0.02264205552637577,7.110420119715855e-05,9.884674909699243e-06,0.0005500735132955015,0.0012587110977619886,0.00037115399027243257,0.0039010290056467056,0.007757104001939297,0.027368206530809402,8.321962377522141e-05,8.714058822079096e-06,0.0006537640583701432,0.0027972005773335695,0.0003509732778184116,0.28397104144096375,0.7145933508872986,3.928157091140747,0.2306564748287201,5.018627643585205,2.0761287212371826
89,0.0016111768782138824,0.0005243204068392515,0.0001802226179279387,0.0011321862693876028,0.006072145886719227,4.273677768651396e-05,1.3662916899193078e-05,0.0021249810233712196,3.573307185433805e-05,0.004512579645961523,0.0021497251000255346,0.013892468065023422,6.327380833681673e-05,3.728920773937716e-06,0.0004306712653487921,0.00463511236011982,0.002822308102622628,0.003443484427407384,0.009039491415023804,0.020812828093767166,9.774869249667972e-05,1.923924355651252e-05,0.00035848640254698694,0.0009011324727907777,0.0006372596835717559,0.3336612284183502,0.63849276304245,2.5649027824401855,0.24730464816093445,4.657479286193848,3.52662992477417
90,0.0012658498017117381,0.000644856074359268,0.00013265362940728664,0.0003861587028950453,0.0050627700984478,7.127360731828958e-05,1.4657499377790373e-05,0.002662560436874628,4.1418959881411865e-05,0.0012243350502103567,0.0048552006483078,0.02154458314180374,4.840005931328051e-05,8.668114787724335e-06,0.00298203038983047,0.00145095179323107,0.001310426159761846,0.005295980721712112,0.00490708090364933,0.016977529972791672,8.863653056323528e-05,1.3507352377928328e-05,0.0002572033554315567,0.0014459392987191677,0.0025592923630028963,0.3397948145866394,0.4481406807899475,6.281587600708008,0.1898377239704132,6.401984691619873,4.944404602050781
91,0.0010609839810058475,0.0008232464897446334,0.00019709068874362856,0.000544247159268707,0.005925450939685106,5.789367060060613e-05,1.4536294656863902e-05,0.002560465130954981,4.1363120544701815e-05,0.003194435266777873,0.004840041510760784,0.020311273634433746,4.837387314182706e-05,9.408409823663533e-06,0.0034014354459941387,0.004567831289023161,0.0004260218993294984,0.0038684846367686987,0.004999662283807993,0.020197277888655663,6.734321505064145e-05,2.3429361135640647e-06,0.0002766002726275474,0.0017671436071395874,0.0010729520581662655,0.4510694742202759,0.48948436975479126,6.604013919830322,0.2596760392189026,7.162248611450195,3.666494607925415
92,0.00181895075365901,0.0002910546027123928,0.00013098232739139348,0.0011539892293512821,0.008979161269962788,1.2323562259553e-05,8.847965546010528e-06,0.003084795316681266,4.0146456740330905e-05,0.0006710921297781169,0.0013720238348469138,0.023560980334877968,2.9032878956058994e-05,7.502063908759737e-06,0.004403942730277777,0.0012714322656393051,0.0022109609562903643,0.004586422815918922,0.0051146456971764565,0.021772561594843864,9.274611511500552e-05,1.5901943697826937e-05,0.0004467163234949112,0.002026808448135853,0.0027428497560322285,0.26917412877082825,0.4384991526603699,8.459632873535156,0.20684346556663513,5.785722255706787,1.4280062913894653
93,0.0019890349358320236,0.00017119577387347817,0.00017242202011402696,0.0004692839866038412,0.0026328398380428553,5.254507777863182e-05,1.1181741683685686e-05,0.0019468216923996806,4.084383908775635e-05,0.002920556580647826,0.006163271144032478,0.02304583601653576,5.2415191021282226e-05,1.727776907500811e-05,0.0022205023560673,0.0011939943069592118,0.0005126561736688018,0.004698310513049364,0.0015056123957037926,0.012868820689618587,8.629718649899587e-05,7.988232027855702e-06,0.0005413382896222174,0.003993857651948929,0.0006871220539323986,0.3102993071079254,0.782330334186554,4.351700782775879,0.2939448654651642,6.9160614013671875,2.8885252475738525
94,0.0009259872604161501,0.0001226314780069515,6.357114762067795e-05,0.0005394713371060789,0.010327881202101707,2.3953629352035932e-05,9.15003602131037e-06,0.0030755079351365566,5.1796210755128413e-05,0.0006234265747480094,0.0031919218599796295,0.015411456115543842,1.74386386788683e-05,8.630716365587432e-06,0.00784602202475071,0.0007263001753017306,0.0019410056993365288,0.006100724916905165,0.005124491173774004,0.010376823134720325,9.565443178871647e-05,9.41410780797014e-06,1.5091592103999574e-05,0.0009743593982420862,0.002105363877490163,0.33298826217651367,0.44363725185394287,8.846064567565918,0.30431413650512695,1.1498452425003052,3.9477481842041016
95,0.0011439139489084482,0.0008714540163055062,8.579279528930783e-05,0.00012627392425201833,0.009294397197663784,4.923735104966909e-05,1.0507467777642887e-05,0.0018866263562813401,4.0212467865785584e-05,0.006296498700976372,0.008587506599724293,0.016803456470370293,5.3407195082399994e-05,1.6554035028093494e-05,0.0021797611843794584,0.0035995878279209137,0.0023943535052239895,0.0001612049964023754,0.004284739028662443,0.011931957677006721,5.826543929288164e-05,4.411556801642291e-06,0.00022419934975914657,0.0024902354925870895,0.0028546741232275963,0.5396685600280762,0.9873942732810974,3.4381048679351807,0.22184622287750244,5.177941799163818,2.443275213241577
96,0.0011952623026445508,0.00013851639232598245,7.77255481807515e-05,0.0004021856584586203,0.007481939159333706,3.3474352676421404e-05,1.2621441783267073e-05,0.0021414603106677532,4.505036849877797e-05,0.0032643170561641455,0.005038734059780836,0.011268377304077148,7.491421274608001e-05,1.1377149348845705e-05,0.005599452182650566,0.0012842590222135186,0.0015855443198233843,0.0026231103111058474,0.0011083250865340233,0.022672798484563828,8.876912033883855e-05,1.2162460734543856e-05,0.0005702226771973073,0.003009683918207884,0.002146973507478833,0.4132232666015625,0.6727536916732788,6.86134147644043,0.21672004461288452,2.947544574737549,2.7991116046905518
97,0.0012981261825188994,0.0005713580176234245,0.00023895503545645624,0.0005814917385578156,0.006812026724219322,4.287567935534753e-05,1.4606562217522878e-05,0.0026939285453408957,3.367311728652567e-05,0.0014648620272055268,0.004068254958838224,0.01848013699054718,6.772110646124929e-05,1.7780789676180575e-06,0.007211770862340927,0.0026585834566503763,0.001094506704248488,0.0043523977510631084,0.007231459487229586,0.023671770468354225,9.527285146759823e-05,1.9261766283307225e-05,2.8320335331954993e-05,0.002337637124583125,0.0012106368085369468,0.31151720881462097,0.5004866123199463,8.159626007080078,0.1634105145931244,8.0,4.106255054473877
98,0.0006956837605684996,0.0003798305115196854,0.00017285102512687445,0.000320665305480361,0.0063691516406834126,3.540743637131527e-05,1.0538531569181941e-05,0.003196046222001314,4.128271757508628e-05,0.0009161047055386007,0.005331423599272966,0.02665502205491066,5.798855272587389e-05,1.8658734916243702e-05,0.006319207604974508,0.0012915021507069468,0.0031405535992234945,0.004085229709744453,0.002000641543418169,0.014415060169994831,5.3700190619565547e-05,9.720054094941588e-07,0.0002186375204473734,0.003932657651603222,0.0014264724450185895,0.24633294343948364,0.37063586711883545,7.740237236022949,0.2038702517747879,5.296311378479004,3.916496992111206
99,0.0007964186370372772,0.00029615790117532015,0.000178258225787431,0.00040177968912757933,0.006424532737582922,2.6854477255255915e-05,1.3350218068808317e-05,0.003858523443341255,4.4175860239192843e-05,0.0014133009826764464,0.0033989560324698687,0.02774066850543022,3.0519724532496184e-05,2.7376302114134887e-06,0.00529702240601182,0.0038334575947374105,0.0028855965938419104,0.003540182253345847,0.004036147613078356,0.02567295730113983,8.810065628495067e-05,8.543921467207838e-06,5.375529144657776e-05,0.00455126166343689,0.0011170399375259876,0.2675034999847412,0.30000001192092896,6.6909894943237305,0.22430095076560974,6.964999675750732,4.7442426681518555
100,0.0008688705274835229,0.0007569470908492804,0.0001739841973176226,0.00036449197796173394,0.008201810531318188,1.2882299415650778e-05,1.171746953332331e-05,0.0017257832223549485,4.6140547055983916e-05,0.0026389516424387693,0.004221498966217041,0.009052306413650513,6.42526792944409e-05,8.908670679375064e-06,0.005428344942629337,0.003937363624572754,0.00256236270070076,0.004679426085203886,0.0040923128835856915,0.02477208897471428,6.137522723292932e-05,3.444591357038007e-06,6.711592868668959e-05,0.004034116398543119,0.00021569128148257732,0.443265438079834,1.1205973625183105,4.145356178283691,0.3504735231399536,7.351585865020752,2.006551504135132
101,0.0008705087820999324,0.0005064193392172456,0.00010050692071672529,0.0005766709800809622,0.007687572855502367,1.1724410796887241e-05,9.699670954432804e-06,0.002296843333169818,4.640560655388981e-05,0.001280269236303866,0.006134304217994213,0.020002063363790512,6.917159771546721e-05,1.0045961062132847e-05,0.005420682951807976,0.0025344330351799726,0.0015090295346453786,0.004609562456607819,0.002558141015470028,0.01669679395854473,4.8881258408073336e-05,1.0488978659850545e-05,2.4837609089445323e-05,0.0006863715825602412,0.004795756656676531,0.27956855297088623,0.6241231560707092,8.888073921203613,0.2528001368045807,3.627568483352661,2.3550243377685547
102,0.0016129130963236094,0.0008642825414426625,0.00011026926222257316,0.001012697466649115,0.007150818128138781,5.612880704575218e-05,1.2649007658183109e-05,0.0024375971406698227,4.532243838184513e-05,0.002654092386364937,0.003387543372809887,0.026905126869678497,2.488363315933384e-05,1.1896664545929525e-05,0.0033253170549869537,0.0022822285536676645,0.0026938195805996656,0.00536233140155673,0.008185556158423424,0.008887841366231441,6.664560351055115e-05,3.287132585683139e-06,6.227815174497664e-05,0.0026220374274998903,0.000428813073085621,0.3987967073917389,0.6081624031066895,7.38896369934082,0.3243025243282318,7.46205997467041,3.0312864780426025
103,0.001145799644291401,0.0003415717510506511,0.00014594713866245002,0.0009435792453587055,0.0051640854217112064,2.851901444955729e-05,1.0132294846698642e-05,0.001894378219731152,4.4314696424407884e-05,0.002665232867002487,0.003679982852190733,0.02098311297595501,4.411970803630538e-05,6.137546279205708e-06,0.0047028763219714165,0.002567022107541561,0.004089416936039925,0.002450551837682724,0.009998704306781292,0.02601850964128971,4.613727287505753e-05,1.135173806687817e-05,1.4873618056299165e-05,0.0024436123203486204,0.004989224020391703,0.29643088579177856,0.8990737199783325,6.42056941986084,0.24201512336730957,6.015837669372559,3.7425894737243652
104,0.0005202931934036314,0.00017712838598527014,8.295786392409354e-05,0.0006714952760376036,0.007725575938820839,2.870848220482003e-05,1.4671401004306972e-05,0.0019563643727451563,4.969936344423331e-05,0.004084288142621517,0.005202523432672024,0.015095042996108532,6.388795736711472e-05,1.2483683349273633e-06,0.0037230192683637142,0.0018275303300470114,0.0024165643844753504,0.005227153655141592,0.006982197519391775,0.013064521364867687,9.537219011690468e-05,1.5107520084711723e-05,0.00021285669936332852,0.0025907387025654316,0.0013128026621416211,0.5481622219085693,0.8408156633377075,5.781659126281738,0.3901962339878082,4.84111213684082,2.8541507720947266
105,0.0019512497819960117,0.0005775316385552287,0.00013505310926120728,0.00019406138744670898,0.007459511049091816,5.870091263204813e-05,1.1385448487999383e-05,0.001928035169839859,4.254980740370229e-05,0.003684066003188491,0.009411233477294445,0.019670862704515457,1.5559147868771106e-05,1.0247237696603406e-05,0.0036038048565387726,0.00039638139423914254,0.002427877625450492,0.0026858991477638483,0.003552965819835663,0.020343592390418053,6.453931564465165e-05,5.950284503342118e-06,0.0006918043945915997,0.0026632812805473804,0.0034651781897991896,0.4222956895828247,0.8505859971046448,6.71976375579834,0.25426822900772095,4.017940998077393,3.398775339126587
106,0.0019769524224102497,0.0005554669769480824,0.00016131869051605463,0.0008069821051321924,0.005370236001908779,7.932554581202567e-05,1.0535510227782652e-05,0.002472532680258155,4.101850208826363e-05,0.004960540682077408,0.0011767313117161393,0.01891079731285572,5.968109326204285e-05,1.659714871493634e-05,0.0017497874796390533,0.0015204333467409015,0.0029430100694298744,0.0016235160874202847,0.009785467758774757,0.012999688275158405,2.3678936486248858e-05,5.548676654143492e-06,0.00021645327797159553,0.0024643244687467813,0.00017011220916174352,0.3693605959415436,0.49186545610427856,4.903223991394043,0.26114076375961304,5.577825546264648,1.8443715572357178
107,0.0013399100862443447,0.000759169808588922,0.000216670727240853,0.0005019051604904234,0.004684720654040575,7.520643703173846e-05,1.3526783732231706e-05,0.002762183081358671,3.842024671030231e-05,0.0021322236862033606,0.003357320325449109,0.01855659671127796,6.24342355877161e-05,1.7014443074003793e-05,0.004669321700930595,0.0007522195810452104,0.004075540229678154,0.0027381503023207188,0.0026377374306321144,0.0015603175852447748,9.876774129224941e-05,1.0641335393302143e-05,5.425198469310999e-05,0.0023047791328281164,0.0011349694104865193,0.3358904719352722,0.4334675073623657,6.69763708114624,0.1458907425403595,5.0381760597229,3.474029541015625
108,0.0011374590685591102,0.0009618839249014854,0.00019910323317162693,1.0000000656873453e-05,0.007329224143177271,4.47399725089781e-05,1.3998662325320765e-05,0.0021123969927430153,4.375286880531348e-05,0.004194812383502722,0.004451064858585596,0.006875443737953901,8.118911500787362e-05,5.880056505702669e-06,0.005254110787063837,0.004096643999218941,0.0004625774745363742,0.0012843749718740582,0.0018476712284609675,0.022013893350958824,4.9978312745224684e-05,8.34154252515873e-06,9.999999960041972e-13,0.0011589095229282975,0.000879970786627382,0.41652050614356995,0.6236544847488403,3.8477940559387207,0.2037895917892456,5.9875102043151855,3.955024480819702
109,0.0008403458632528782,0.0007047920953482389,0.00016577026690356433,0.00047357380390167236,0.005064242985099554,8.459622040390968e-05,1.648036231927108e-05,0.002200148068368435,3.9675265725236386e-05,0.0036067471373826265,0.002993382513523102,0.015775781124830246,8.620700828032568e-05,5.495265213539824e-06,0.003019259311258793,0.0038113263435661793,0.0031702187843620777,0.004284599330276251,0.0033999155275523663,0.026653777807950974,3.645848482847214e-05,9.378043614560738e-06,5.794365733891027e-06,0.004569514188915491,0.0024097326677292585,0.43905767798423767,0.579051673412323,4.305726528167725,0.23711663484573364,6.20435905456543,1.3016592264175415
110,0.0007851769914850593,0.0004991439054720104,0.00017077065422199667,0.000633619783911854,0.007237276528030634,1.7108208339777775e-05,1.2426688044797629e-05,0.001972421770915389,3.892778840963729e-05,0.002326872432604432,0.006210173014551401,0.019940948113799095,9.430999489268288e-05,8.140807949530426e-06,0.006440526805818081,0.004394511692225933,0.0040251933969557285,0.004468501079827547,0.0025790550280362368,0.02822200395166874,3.4103341022273526e-05,7.295113391592167e-06,0.00023717054864391685,0.00023381935898214579,0.0031238493975251913,0.41124746203422546,0.8516747951507568,6.618474960327148,0.25498688220977783,6.623584270477295,3.3950419425964355
111,0.0008161579025909305,0.0002677186275832355,0.0001739309955155477,0.0008300910121761262,0.006277742795646191,3.0778810469200835e-05,1.564225385664031e-05,0.0023366110399365425,4.778257789439522e-05,0.001818713964894414,0.0021614714059978724,0.01620347611606121,9.749592572916299e-05,1.9033564058190677e-06,0.004592635668814182,0.004219959955662489,0.0032780831679701805,0.005823759362101555,0.003003649413585663,0.004814511630684137,7.610883039887995e-05,1.2295062333578244e-05,3.9996884879656136e-05,0.0025622237008064985,0.0007080776849761605,0.45371386408805847,0.5617630481719971,5.987727165222168,0.2768632173538208,6.1688408851623535,3.5746562480926514
112,0.0011418303474783897,0.0009494847035966814,0.00017682104953564703,0.0009448154596611857,0.007270646747201681,7.984010153450072e-05,1.1580588761717081e-05,0.003110789693892002,4.0814451494952664e-05,0.0021119704470038414,0.000806072202976793,0.024461669847369194,2.0774288714164868e-05,6.367123660311336e-06,0.004950431641191244,0.0019092765869572759,0.00470063416287303,0.002386694308370352,0.006754660047590733,0.014862166717648506,5.613905159407295e-05,1.4056049622013234e-05,0.0003191198338754475,0.0023219676222652197,0.0014700045576319098,0.40980538725852966,0.40986722707748413,7.626194477081299,0.17286939918994904,5.1637139320373535,3.1540777683258057
113,0.0017782887443900108,0.00046543136704713106,0.00011999178968835622,0.0009785883594304323,0.009712263010442257,2.483109710738063e-05,1.3435186701826751e-05,0.002397887408733368,4.295562393963337e-05,0.00467629823833704,0.003616458037868142,0.025195328518748283,4.307477502152324e-05,3.1223946734826313e-06,0.00241615017876029,0.002092525828629732,0.004369843751192093,0.005211162846535444,0.00845234002918005,0.022367069497704506,5.3792045946465805e-05,4.513124622462783e-06,0.0007855919538997114,0.0008432776085101068,0.0004052850999869406,0.5020632147789001,0.6401862502098083,5.510231018066406,0.41248518228530884,7.765091896057129,2.9869372844696045
114,0.0009754195343703032,0.00040064475615508854,8.381243969779462e-05,0.0006767334416508675,0.005289414897561073,6.284301343839616e-05,1.29860372908297e-05,0.0022812443785369396,3.9260692574316636e-05,0.003929899539798498,0.004476528614759445,0.021469876170158386,5.929631879553199e-05,8.369309398403857e-06,0.003948036581277847,0.0026300556492060423,0.0004649382608477026,0.004381150938570499,0.003009878331795335,0.02379618212580681,8.071166666923091e-05,1.92682691704249e-05,6.552277773153037e-05,0.00371631421148777,0.002301535801962018,0.39328789710998535,0.609790563583374,7.7416672706604,0.28034526109695435,7.146761417388916,4.432831287384033
115,0.0019320112187415361,0.0006550881662406027,0.00013233587378636003,0.0012394952354952693,0.010408519767224789,3.4227632568217814e-05,1.2688389688264579e-05,0.002228659577667713,4.920524952467531e-05,0.0017036435892805457,0.00048170817899517715,0.010343880392611027,3.039436342078261e-05,7.980844429766876e-07,0.0032441525254398584,0.0010755807161331177,0.002883162582293153,0.005829142406582832,0.00894350465387106,0.010703038424253464,9.406810568179935e-05,1.486950623075245e-05,0.00026549954782240093,0.002997060539200902,0.0011840497609227896,0.4086590111255646,0.6466174125671387,4.536226272583008,0.34217461943626404,4.667210102081299,2.4117379188537598
116,0.0019458560273051262,0.0004306210612412542,0.00020514623611234128,0.0004064149979967624,0.007081813178956509,8.560983405914158e-05,1.717529994493816e-05,0.002049199538305402,3.686041236505844e-05,0.004986289888620377,0.004967505112290382,0.013952476903796196,6.890665099490434e-05,7.960333277878817e-06,0.003818632336333394,0.004937903024256229,0.002018314553424716,0.0019561927765607834,0.00919177196919918,0.020200418308377266,6.38538331259042e-05,5.194412551645655e-06,0.0007402103510685265,0.0013581591192632914,0.0003623567463364452,0.5944497585296631,0.7503814101219177,4.768313884735107,0.21436437964439392,6.279681205749512,2.9938573837280273
117,0.0011809330899268389,0.00031830053194426,2.2258998797042295e-05,0.0012565439101308584,0.005460197571665049,3.3543125027790666e-05,1.0184267011936754e-05,0.001792351366020739,5.341068026609719e-05,0.0054021067917346954,0.0017467894358560443,0.018063392490148544,6.358002428896725e-05,8.710058864380699e-06,0.0018464343156665564,0.0018628808902576566,0.0018958444707095623,0.004503263626247644,0.009061148390173912,0.005453223828226328,5.3639185352949426e-05,8.332004654221237e-06,2.3770298867020756e-05,0.002173788845539093,0.004552763421088457,0.4592301845550537,1.047508716583252,3.9234635829925537,0.3850160539150238,1.0849543809890747,3.298707962036133
118,0.0012069983640685678,0.000651810725685209,0.00021437554096337408,0.00037415549741126597,0.009782340377569199,4.1292205423815176e-05,1.2489328582887538e-05,0.0034415586851537228,4.031958451378159e-05,0.002376350574195385,0.0034362205769866705,0.018696613609790802,1.2053743375872727e-05,5.410556241258746e-06,0.00794933270663023,0.0032820147462189198,0.0012281544040888548,0.0026083544362336397,0.0010590582387521863,0.02665664628148079,9.62563935900107e-05,6.71851375955157e-06,0.0003209538699593395,0.0046721817925572395,0.004099351353943348,0.3003300428390503,0.3703981935977936,7.248963832855225,0.23547080159187317,7.06359338760376,3.0438199043273926
119,0.0014644917100667953,0.00092691631289199,0.00019271358905825764,0.0007755106780678034,0.006277107633650303,8.726328087504953e-05,1.1271041330473963e-05,0.0017151011852547526,3.746286529349163e-05,0.0016586174024268985,0.002152619417756796,0.01783362403512001,1.7937227312359028e-05,1.1636328054009937e-05,0.0064909993670880795,0.004938396159559488,0.0026692154351621866,0.004491773433983326,0.0078995730727911,0.026102837175130844,5.938047615927644e-05,9.491411219642032e-06,0.0005004660924896598,0.002606398658826947,0.0008583089802414179,0.38589683175086975,0.7082796096801758,7.342920303344727,0.22471800446510315,7.329792022705078,1.6975451707839966
